,feature,divergence
5,EDU,0.009008635517210623
6,PINCP_DECILE,0.00769144552482498
1,MSP,0.003910487163202463
2,RAC1P,0.0033222972682448175
7,DVET,0.001965401872139732
3,HOUSING_TYPE,0.0016388412517570027
4,OWN_RENT,0.0014457538140525
0,SEX,0.00035866990691979517
