,feature,divergence
0,AGEP,0.8618491246643991
6,EDU,0.5261140397101779
7,PINCP_DECILE,0.42811832894898927
2,MSP,0.27782004180030484
3,RAC1P,0.2450048894498949
8,DVET,0.1512509013035128
5,OWN_RENT,0.12129988329030279
4,HOUSING_TYPE,0.11276436492083611
1,SEX,0.0033506569068070258
