,feature,divergence
0,PUMA,5.279507310218516
1,AGEP,4.950185074556934
9,PINCP_DECILE,2.119803874789105
10,POVPIP,1.674468678735967
7,NPF,0.8362828849432004
3,MSP,0.6371444145084884
5,RAC1P,0.5261442191474175
6,NOC,0.36358720812371453
8,OWN_RENT,0.23463775261204267
4,HISP,0.1107737355508247
2,SEX,0.0063281792715398355
