,feature,divergence
0,AGEP,0.5324497000379396
6,EDU,0.07108952038578259
7,PINCP_DECILE,0.06764850983953752
3,RAC1P,0.017036614821223248
2,MSP,0.015910236543034535
8,DVET,0.005918894203592524
1,SEX,0.003455141229357306
5,OWN_RENT,0.003131365644407441
9,DEYE,0.0011616998955548546
4,HOUSING_TYPE,0.0009680240073796191
