,feature,divergence
8,PINCP_DECILE,1.8274233296823654
7,EDU,1.1925609335842793
2,MSP,0.4153559386876534
4,RAC1P,0.40229992796713615
5,OWN_RENT,0.3536855221281451
6,INDP_CAT,0.3235106264370608
3,HISP,0.19214423185534676
0,PUMA,0.18673267057800963
1,SEX,0.046025044079643695
