,AGEP,DEAR,DEYE,DPHY,DREM,DVET,EDU,HISP,HOUSING_TYPE,INDP,INDP_CAT,MSP,NOC,NPF,OWN_RENT,PINCP,PINCP_DECILE,POVPIP,PUMA,RAC1P,SEX
0,-0.2594779336135154,0.017923163578401846,0.00037997498604747104,-0.28011714664864273,-0.29049182499056175,-0.023915891695693532,-0.3596508373707653,0.03846826512843196,-0.06858888054376759,-0.28979528484264205,-0.2866607355501443,-0.25175011584202456,0.2672636694634346,0.24156617801919092,0.05571543929832422,0.3869154538775744,-0.3204417356154225,-0.11623298667488133,0.03657200752962542,0.06098139025433072,-0.004340374069724068
1,0.046800729628454586,-0.11519685782124323,-0.08227317056508904,-0.1272384021755212,-0.1189747018837223,0.018830790505189616,-0.09344903721144043,-0.07161738360092677,0.5010189043821306,-0.2769358527006542,-0.27575711616476745,0.108832397035942,-0.31831075667320374,-0.2879525330740206,-0.43412679940597015,-0.0034523294160752477,-0.13104286250501246,0.3356674120095995,-0.07632269640736265,-0.06928177690416856,-0.0665078577904833
2,-0.38243942256031715,0.41395143711860805,0.37789194890797206,0.08915853620206714,0.03143477567618394,-0.14791387706219428,0.025161309731905473,0.02408149726966457,0.25997941241702843,0.2646287492353723,0.2647490885956929,-0.07384932567680748,0.14998534100276512,0.17721195442104376,-0.27219211400198395,0.14677623167864765,-0.0013628973298595026,0.37831557718694,0.006141621558744335,0.04117635970085326,0.0005911054087949369
3,-0.2575073959341273,0.1605579218358394,0.027926676493429777,0.00365288474547467,-0.012412080125281715,-0.19285061861471015,-0.17400371956132854,0.32110556310794414,0.1580157881952149,0.06544285859338221,0.06623926836850276,0.47960220567640377,-0.17611049406923077,-0.2767089700979484,0.2629343875045373,-0.06798491619762725,-0.30056101015051817,-0.27428282749557586,-0.1041117971773784,0.31796914849060226,0.11780425887727455
4,0.04583007188183131,0.0827780624457476,0.09747187515586192,0.5621156421045779,0.5647657312863125,-0.08021929259727306,0.0021785440029787016,0.053522370640327985,0.023662759029502264,-0.35380830798780727,-0.35325769424536985,-0.009367849973037547,0.12381594901190052,0.14990628188929983,-0.07893314110689544,-0.01521746518479973,-0.1731824859676597,-0.05792875058002944,-0.052592444347389,0.07943414172910569,0.000906979885011247
