,DVET,EDU,HOUSING_TYPE,MSP,OWN_RENT,PINCP_DECILE,RAC1P,SEX
0,-0.09031920309991001,-0.6526079752061537,-0.06349458514777516,-0.3458156832193599,0.10305849230679065,-0.626772504460211,0.1878047203007332,0.05991481447898184
1,-0.03223277540441716,-0.09494912511477752,0.7070728781467991,0.18370880157884314,-0.6381895809962029,-0.20106775295699442,-0.06955819892601864,-0.06076353702854276
2,0.6191160860933881,-0.10489808312742199,-0.07171062381599344,-0.3768846420570444,-0.1422951864653339,0.0770938808856339,-0.25646924805123283,-0.6054249378352983
3,0.22628227339518914,-0.031051272501164955,0.10700090777168936,0.4467506861810251,0.21624730141007567,-0.046544584562484975,0.7181067812911137,-0.4149579958266407
4,0.7400568506373806,0.023716331941205704,0.0530797283706766,0.07121889655772276,-0.006103888259121632,-0.08754464201720616,0.08985298546436857,0.654285047848773
