,AGEP,DVET,EDU,HOUSING_TYPE,MSP,OWN_RENT,PINCP_DECILE,RAC1P,SEX
0,0.4982749905567928,0.09016851692861383,0.5734945916533559,-0.029031609627236082,0.2325087822436555,-0.0677379392358334,0.5735114526811428,-0.16154876022663686,-0.013807273727307619
1,-0.03731193294255308,-0.02135362524835973,-0.008350774585728415,0.7107184529249728,0.23450529088267325,-0.6404833628352121,-0.11833349837453945,-0.09220454226446755,-0.07242391602342486
2,0.0562007446474636,0.6021983789361292,-0.13326675738640398,-0.07645100128935844,-0.4384563661164893,-0.1733887078641895,0.050915256876363335,-0.2801125596314765,-0.5542840120699518
3,-0.19502712780742057,0.24378034878665333,0.051752212478794885,0.08706081099110916,0.5066767263980078,0.25837074387671327,0.04732319474625425,0.536617129631381,-0.5278290534994664
4,0.17519382532366234,0.6229138781933031,0.0040402289990351115,0.0629547434127621,-0.1089282249981868,-0.12078577963023271,-0.07099744591671953,0.48528413475784116,0.5570546734545958
