,AGEP,DEYE,DVET,EDU,HOUSING_TYPE,MSP,OWN_RENT,PINCP_DECILE,RAC1P,SEX
0,0.5003671965995967,-0.0390001005780124,0.09147255741886613,0.5717285720585462,-0.028571268082506512,0.23289866092055717,-0.06753307375165277,0.5718403334470057,-0.16142351159960278,-0.013897306588228
1,-0.03675130220352686,-0.009456974854131172,-0.0207575503666435,-0.009303160616241847,0.7107583250013609,0.23447166211410764,-0.64027280250623,-0.11921538103751995,-0.09207325951810694,-0.07245047965053789
2,0.09901175711451601,-0.27791274265991345,0.6235894739239658,-0.16046422730358323,-0.06821032417491199,-0.3925356471229522,-0.14847233213294003,0.012234921473094407,-0.24609473311526597,-0.5068089898784686
3,-0.1134775810806831,-0.34360233153175795,0.22875269641390128,0.01796521640022314,0.09691595087680063,0.5511477770143662,0.2765624299491435,-0.018082836577418743,0.5527299875731434,-0.3477484030131271
4,-0.23737997636267583,0.7955381192427214,0.04165471474759931,0.09690685272827282,-0.0031132641869860977,0.01753955305042154,0.018473106588065988,0.1634021113763039,0.08018248525373826,-0.5156119949551072
