{
  "runs": [
    {
      "epsilon": 0.1,
      "delta": 3.4498908254380166e-11,
      "max_records": 1350000,
      "max_records_per_individual": 7
    },
    {
      "epsilon": 1.0,
      "delta": 3.4498908254380166e-11,
      "max_records": 1350000,
      "max_records_per_individual": 7
    },
    {
      "epsilon": 10.0,
      "delta": 3.4498908254380166e-11,
      "max_records": 1350000,
      "max_records_per_individual": 7
    }
  ],
  "schema": {
    "PUMA": {
      "dtype": "str",
      "values": [
        "17-1001",
        "17-104",
        "17-105",
        "17-1104",
        "17-1105",
        "17-1204",
        "17-1205",
        "17-1300",
        "17-1500",
        "17-1602",
        "17-1701",
        "17-1900",
        "17-2000",
        "17-202",
        "17-2100",
        "17-2200",
        "17-2300",
        "17-2400",
        "17-2501",
        "17-2601",
        "17-2700",
        "17-2801",
        "17-2901",
        "17-300",
        "17-3005",
        "17-3007",
        "17-3008",
        "17-3009",
        "17-3102",
        "17-3105",
        "17-3106",
        "17-3107",
        "17-3108",
        "17-3202",
        "17-3203",
        "17-3204",
        "17-3205",
        "17-3207",
        "17-3208",
        "17-3209",
        "17-3306",
        "17-3307",
        "17-3308",
        "17-3309",
        "17-3310",
        "17-3401",
        "17-3407",
        "17-3408",
        "17-3409",
        "17-3410",
        "17-3411",
        "17-3412",
        "17-3413",
        "17-3414",
        "17-3415",
        "17-3416",
        "17-3417",
        "17-3418",
        "17-3419",
        "17-3420",
        "17-3421",
        "17-3422",
        "17-3501",
        "17-3502",
        "17-3503",
        "17-3504",
        "17-3520",
        "17-3521",
        "17-3522",
        "17-3523",
        "17-3524",
        "17-3525",
        "17-3526",
        "17-3527",
        "17-3528",
        "17-3529",
        "17-3530",
        "17-3531",
        "17-3532",
        "17-3601",
        "17-3602",
        "17-3700",
        "17-401",
        "17-501",
        "17-600",
        "17-700",
        "17-800",
        "17-900",
        "39-100",
        "39-1000",
        "39-1100",
        "39-1200",
        "39-1300",
        "39-1400",
        "39-1500",
        "39-1600",
        "39-1700",
        "39-1801",
        "39-1802",
        "39-1803",
        "39-1804",
        "39-1805",
        "39-1900",
        "39-200",
        "39-2000",
        "39-2100",
        "39-2200",
        "39-2300",
        "39-2400",
        "39-2500",
        "39-2600",
        "39-2700",
        "39-2800",
        "39-2900",
        "39-300",
        "39-3000",
        "39-3100",
        "39-3200",
        "39-3300",
        "39-3400",
        "39-3500",
        "39-3600",
        "39-3700",
        "39-3800",
        "39-3900",
        "39-400",
        "39-4000",
        "39-4101",
        "39-4102",
        "39-4103",
        "39-4104",
        "39-4105",
        "39-4106",
        "39-4107",
        "39-4108",
        "39-4109",
        "39-4110",
        "39-4111",
        "39-4200",
        "39-4300",
        "39-4400",
        "39-4500",
        "39-4601",
        "39-4602",
        "39-4603",
        "39-4604",
        "39-4700",
        "39-4800",
        "39-4900",
        "39-500",
        "39-5000",
        "39-5100",
        "39-5200",
        "39-5301",
        "39-5302",
        "39-5401",
        "39-5402",
        "39-5403",
        "39-5501",
        "39-5502",
        "39-5503",
        "39-5504",
        "39-5505",
        "39-5506",
        "39-5507",
        "39-5600",
        "39-5700",
        "39-600",
        "39-700",
        "39-801",
        "39-802",
        "39-901",
        "39-902",
        "39-903",
        "39-904",
        "39-905",
        "39-906",
        "39-907",
        "39-908",
        "39-909",
        "39-910"
      ]
    },
    "YEAR": {
      "dtype": "uint32",
      "values": [
        2012,
        2013,
        2014,
        2015,
        2016,
        2017,
        2018
      ]
    },
    "HHWT": {
      "dtype": "float"
    },
    "GQ": {
      "values": [
        0,
        1,
        2,
        3,
        4,
        5,
        6
      ],
      "dtype": "uint8"
    },
    "PERWT": {
      "dtype": "float"
    },
    "SEX": {
      "values": [
        1,
        2
      ],
      "dtype": "uint8"
    },
    "AGE": {
      "min": 0,
      "max": 135,
      "dtype": "uint8"
    },
    "MARST": {
      "values": [
        1,
        2,
        3,
        4,
        5,
        6
      ],
      "dtype": "uint8"
    },
    "RACE": {
      "values": [
        1,
        2,
        3,
        4,
        5,
        6,
        7,
        8,
        9
      ],
      "dtype": "uint8"
    },
    "HISPAN": {
      "values": [
        0,
        1,
        2,
        3,
        4,
        9
      ],
      "dtype": "uint8"
    },
    "CITIZEN": {
      "values": [
        0,
        1,
        2,
        3,
        4,
        5,
        6
      ],
      "dtype": "uint8"
    },
    "SPEAKENG": {
      "values": [
        0,
        1,
        2,
        3,
        4,
        5,
        6,
        7,
        8
      ],
      "dtype": "uint8"
    },
    "HCOVANY": {
      "values": [
        1,
        2
      ],
      "dtype": "uint8"
    },
    "HCOVPRIV": {
      "values": [
        1,
        2
      ],
      "dtype": "uint8"
    },
    "HINSEMP": {
      "values": [
        1,
        2
      ],
      "dtype": "uint8"
    },
    "HINSCAID": {
      "values": [
        1,
        2
      ],
      "dtype": "uint8"
    },
    "HINSCARE": {
      "values": [
        1,
        2
      ],
      "dtype": "uint8"
    },
    "EDUC": {
      "values": [
        0,
        1,
        2,
        3,
        4,
        5,
        6,
        7,
        8,
        9,
        10,
        11
      ],
      "dtype": "uint8"
    },
    "EMPSTAT": {
      "values": [
        0,
        1,
        2,
        3
      ],
      "dtype": "uint8"
    },
    "EMPSTATD": {
      "values": [
        0,
        10,
        11,
        12,
        13,
        14,
        15,
        20,
        21,
        22,
        30,
        31,
        32,
        33,
        34
      ],
      "dtype": "uint8"
    },
    "LABFORCE": {
      "values": [
        0,
        1,
        2
      ],
      "dtype": "uint8"
    },
    "WRKLSTWK": {
      "values": [
        0,
        1,
        2,
        3
      ],
      "dtype": "uint8"
    },
    "ABSENT": {
      "values": [
        0,
        1,
        2,
        3,
        4
      ],
      "dtype": "uint8"
    },
    "LOOKING": {
      "values": [
        0,
        1,
        2,
        3
      ],
      "dtype": "uint8"
    },
    "AVAILBLE": {
      "values": [
        0,
        1,
        2,
        3,
        4,
        5
      ],
      "dtype": "uint8"
    },
    "WRKRECAL": {
      "values": [
        0,
        1,
        2,
        3
      ],
      "dtype": "uint8"
    },
    "WORKEDYR": {
      "values": [
        0,
        1,
        2,
        3
      ],
      "dtype": "uint8"
    },
    "INCTOT": {
      "dtype": "int32"
    },
    "INCWAGE": {
      "dtype": "int32"
    },
    "INCWELFR": {
      "dtype": "int32"
    },
    "INCINVST": {
      "dtype": "int32"
    },
    "INCEARN": {
      "dtype": "int32"
    },
    "POVERTY": {
      "min": 0,
      "max": 501,
      "dtype": "uint32"
    },