,AGEP,HISP,MSP,NOC,NPF,OWN_RENT,PINCP_DECILE,POVPIP,PUMA,RAC1P,SEX
0,-0.37712970483181446,0.10413523716016826,-0.33147797089484315,0.5079493510979781,0.4785791057231923,0.19554130976462414,-0.3508381593954948,-0.25103327879987963,0.08098020901853498,0.13530945076500997,0.028158879848405823
1,0.05217897352424405,0.24807681582745492,0.3832195882398839,-0.1230457568613404,-0.2486302288219403,0.57843542254192,-0.061395644218594475,-0.5542800656460342,-0.058284657287332425,0.2215571200678158,0.11769763512410078
2,-0.4393634691608918,0.31840414482310064,0.2641064334945744,-0.16668641207366958,-0.1558677660249263,-0.30641221380058664,-0.39987663378438315,0.298319130070428,-0.19432893443511073,0.44505361627842444,-0.07160088936239363
3,0.17623700639529052,0.6169614406085195,-0.10171802336394352,-0.018077411561726875,0.08682112931289182,-0.02441199542756206,0.30000688005160964,0.10596731672847044,0.6035702499803831,0.22463869077170012,-0.23129873958019265
4,0.04670494665941567,0.12648154272851625,-0.00044495873169817825,-0.09334062214149338,-0.04924091972506204,-0.1945750225112197,-0.2385721757758233,0.007353049551731977,0.3555128272419982,-0.1573776716047519,0.8512910417539097
