,AGEP,SEX,MSP,RAC1P,HOUSING_TYPE,OWN_RENT,EDU,PINCP_DECILE,DVET
AGEP,0.0,-0.006796404390837875,-0.01782803217851263,0.03515834488192009,0.05407697679329067,0.01647125224606355,-0.06927726391103484,-0.06751202026653658,-0.010085855433426702
SEX,-0.006796404390837882,0.0,0.0017249245623773524,-0.0074944173794715355,0.019980097268847922,-0.006307417379672289,-0.006544896600194781,0.008206615297583333,0.06834098706098468
MSP,-0.017828032178512622,0.0017249245623773522,0.0,-0.012560112899868754,-0.0907046852576156,-0.01303417978117681,-0.035660934431305746,-0.029717481096714474,0.016499842770236105
RAC1P,0.0351583448819201,-0.0074944173794715355,-0.012560112899868754,0.0,0.2111916195113545,-0.08728976958149517,0.024286652084176963,0.041905307490604185,0.32507946948136046
HOUSING_TYPE,0.054076976793290675,0.019980097268847922,-0.0907046852576156,0.2111916195113545,0.0,0.14523563359275787,-0.005804535501603161,0.06511307942732134,0.4896554854536461
OWN_RENT,0.01647125224606355,-0.006307417379672293,-0.01303417978117681,-0.08728976958149517,0.14523563359275782,0.0,0.019137513047594385,0.0063722286044138425,-0.09546620206066801
EDU,-0.06927726391103484,-0.006544896600194781,-0.03566093443130569,0.02428665208417695,-0.005804535501603161,0.019137513047594385,0.0,-0.10373444799007808,-0.05408334154475339
PINCP_DECILE,-0.06751202026653663,0.008206615297583333,-0.02971748109671446,0.041905307490604185,0.06511307942732136,0.006372228604413846,-0.10373444799007803,0.0,-0.020804482463326814
DVET,-0.010085855433426702,0.06834098706098468,0.016499842770236105,0.32507946948136046,0.4896554854536462,-0.09546620206066803,-0.0540833415447534,-0.020804482463326814,0.0
