,AGEP,DEYE,DVET,EDU,HOUSING_TYPE,MSP,OWN_RENT,PINCP_DECILE,RAC1P,SEX
0,-0.5003671965995977,0.03900010057801173,-0.09147255741886534,-0.5717285720585458,0.028571268082505846,-0.23289866092055733,0.06753307375165336,-0.5718403334470052,0.16142351159960333,0.013897306588228298
1,-0.036751302203526806,-0.009456974854131304,-0.020757550366644235,-0.009303160616243115,0.7107583250013618,0.23447166211410755,-0.6402728025062315,-0.11921538103752012,-0.0920732595181067,-0.07245047965053716
2,0.0990117571145146,-0.27791274265990673,0.623589473923959,-0.16046422730358315,-0.0682103241749139,-0.39253564712295397,-0.1484723321329414,0.012234921473095323,-0.24609473311527436,-0.5068089898784749
3,-0.11347758108071473,-0.34360233153164277,0.22875269641390988,0.017965216400235434,0.09691595087679991,0.5511477770143641,0.2765624299491436,-0.018082836577393346,0.5527299875731551,-0.3477484030132092
4,0.23737997636266084,-0.7955381192427685,-0.041654714747549185,-0.09690685272827226,0.003113264186999795,-0.017539553050340148,-0.018473106588024868,-0.16340211137630883,-0.08018248525365854,0.5156119949550598
