,PUMA,SEX,MSP,HISP,RAC1P,OWN_RENT,INDP_CAT,EDU,PINCP_DECILE
PUMA,1.9984014443252818e-15,0.002244872716929038,0.05862132948502112,-0.05373527414813935,0.03180541166903581,-0.0029485044046707286,0.006957613632300703,0.03958596138083418,-0.00769500922027915
SEX,0.002244872716929038,-2.55351295663786e-15,0.009564243103762842,-0.013422514798850082,0.005134008970299043,-0.03821718452030004,-0.03142469359196462,-0.016227938151344157,0.07262189026621058
MSP,0.05862132948502112,0.009564243103762842,0.0,-0.02643070123888492,-0.016690437301655425,-0.08669799271453905,-0.11577682386085036,0.002233713575715557,0.06860514098193954
HISP,-0.05373527414813935,-0.013422514798850082,-0.02643070123888492,2.7755575615628914e-15,-0.17570580902758204,-0.07085152791496217,-0.011158496713770788,0.062012872888762956,0.022168341843868657
RAC1P,0.03180541166903581,0.005134008970299043,-0.016690437301655425,-0.17570580902758204,-2.4424906541753444e-15,-0.07993601110724252,0.009170016189587515,0.07231471398471861,0.06526263899630924
OWN_RENT,-0.0029485044046707286,-0.03821718452030004,-0.08669799271453905,-0.07085152791496217,-0.07993601110724252,1.4432899320127035e-15,-0.0597254999283585,0.031096644915442652,0.007569184886285454
INDP_CAT,0.006957613632300703,-0.03142469359196462,-0.11577682386085036,-0.011158496713770788,0.009170016189587515,-0.0597254999283585,9.992007221626409e-16,-0.18784604094743096,-0.22148823974795795
EDU,0.03958596138083418,-0.016227938151344157,0.002233713575715557,0.062012872888762956,0.07231471398471861,0.031096644915442652,-0.18784604094743096,9.992007221626409e-16,-0.20672285490369702
PINCP_DECILE,-0.00769500922027915,0.07262189026621058,0.06860514098193954,0.022168341843868657,0.06526263899630924,0.007569184886285454,-0.22148823974795795,-0.20672285490369702,-3.3306690738754696e-16
