,feature,divergence
8,PINCP_DECILE,2.189343576490963
0,PUMA,1.3463100282485878
7,EDU,0.8151306444871822
6,INDP_CAT,0.41048963324890436
2,MSP,0.3532830654406074
4,RAC1P,0.2194171955057369
5,OWN_RENT,0.08323961477715103
3,HISP,0.05760693101090446
1,SEX,0.013353265270619308
