,feature,divergence
1,AGEP,5.297478654653521
9,PINCP_DECILE,1.728113318906158
10,POVPIP,1.100906228638756
0,PUMA,0.842838196286472
7,NPF,0.7034419735406046
6,NOC,0.4424332695790524
3,MSP,0.40141084453706766
5,RAC1P,0.3084788626772081
8,OWN_RENT,0.20305006935432113
4,HISP,0.15560479653285414
2,SEX,0.010656348507268154
