,SEX,MSP,RAC1P,HOUSING_TYPE,OWN_RENT,EDU,PINCP_DECILE,DVET
SEX,-3.3306690738754696e-15,0.000297857103684988,-0.00021372266930501024,0.0008139651681995652,-0.00016931808002729198,-0.00045212426659210075,-0.00026758933953265063,0.005887190661465341
MSP,0.000297857103684988,-1.7763568394002505e-15,0.00029852986923348257,-0.0036960134148333323,-0.0004915227499532222,-0.0008765651525461937,-0.0002784101753855739,-0.0008717973849129666
RAC1P,-0.00021372266930501024,0.00029852986923348257,-2.220446049250313e-16,0.0043385344962260045,-0.00228260335358009,-0.00010813887626597019,0.0007523889091121255,0.019000821203629635
HOUSING_TYPE,0.0008139651681995652,-0.0036960134148333323,0.0043385344962260045,4.551914400963142e-15,0.005442920938956375,-0.0030604672516524167,0.0016121692152525346,0.03597918865355831
OWN_RENT,-0.00016931808002729198,-0.0004915227499532222,-0.00228260335358009,0.005442920938956375,3.774758283725532e-15,0.0006728015450200645,-0.00017965132592729152,-0.005053513556065567
EDU,-0.00045212426659210075,-0.0008765651525461937,-0.00010813887626597019,-0.0030604672516524167,0.0006728015450200645,-3.552713678800501e-15,-0.0021106639737483723,-0.0067359932947889875
PINCP_DECILE,-0.00026758933953265063,-0.0002784101753855739,0.0007523889091121255,0.0016121692152525346,-0.00017965132592729152,-0.0021106639737483723,0.0,-0.0023524002628395185
DVET,0.005887190661465341,-0.0008717973849129666,0.019000821203629635,0.03597918865355831,-0.005053513556065567,-0.0067359932947889875,-0.0023524002628395185,6.661338147750939e-16
