,feature,divergence
0,AGEP,0.11349531572461502
6,EDU,0.006290939525360972
7,PINCP_DECILE,0.005052969700370891
2,MSP,0.003289749387338649
8,DVET,0.00107723241894407
3,RAC1P,0.0008439539472364554
1,SEX,0.0006920129672763897
9,DEYE,0.00034799809095855186
4,HOUSING_TYPE,0.00029496359073375236
5,OWN_RENT,0.00022345674931391335
