,AGEP,DEYE,DVET,EDU,HOUSING_TYPE,MSP,OWN_RENT,PINCP_DECILE,RAC1P,SEX
0,-0.5003671965995966,0.03900010057801173,-0.09147255741886562,-0.5717285720585458,0.028571268082507442,-0.23289866092055678,0.06753307375165218,-0.5718403334470061,0.1614235115996021,0.013897306588228277
1,-0.03675130220352603,-0.009456974854130894,-0.020757550366643285,-0.00930316061624165,0.7107583250013613,0.23447166211410805,-0.6402728025062314,-0.11921538103751875,-0.09207325951810688,-0.0724504796505383
2,0.09901175711451465,-0.2779127426599036,0.6235894739239625,-0.16046422730358292,-0.06821032417491359,-0.3925356471229546,-0.1484723321329411,0.012234921473095878,-0.24609473311527147,-0.5068089898784736
3,-0.1134775810806986,-0.34360233153170117,0.22875269641390758,0.01796521640022758,0.0969159508768003,0.5511477770143648,0.27656242994914404,-0.018082836577405947,0.5527299875731474,-0.3477484030131692
4,0.23737997636267089,-0.7955381192427448,-0.041654714747567365,-0.09690685272827299,0.0031132641869930505,-0.017539553050384404,-0.018473106588048308,-0.16340211137630606,-0.08018248525369637,0.5156119949550839
