,AGEP,HISP,MSP,NOC,NPF,OWN_RENT,PINCP_DECILE,POVPIP,PUMA,RAC1P,SEX
0,-0.3771297048318147,0.10413523716016826,-0.33147797089484365,0.5079493510979788,0.4785791057231925,0.1955413097646237,-0.3508381593954956,-0.2510332787998792,0.08098020901853503,0.13530945076501003,0.028158879848405385
1,0.052178973524244,0.24807681582745744,0.3832195882398835,-0.12304575686134048,-0.2486302288219401,0.5784354225419197,-0.06139564421859421,-0.5542800656460337,-0.058284657287332044,0.22155712006781622,0.11769763512410059
2,-0.43936346916089103,0.31840414482309953,0.26410643349457386,-0.1666864120736697,-0.15586776602492627,-0.3064122138005875,-0.3998766337843848,0.29831913007042804,-0.19432893443511368,0.44505361627842355,-0.07160088936239073
3,0.17623700639528622,0.6169614406085188,-0.10171802336394213,-0.01807741156172793,0.08682112931289068,-0.024411995427564254,0.30000688005160664,0.1059673167284719,0.603570249980386,0.22463869077169948,-0.23129873958019645
4,0.046704946659398804,0.1264815427285109,-0.0004449587316844878,-0.09334062214149583,-0.049240919725071344,-0.19457502251121944,-0.23857217577583748,0.007353049551725823,0.3555128272420255,-0.15737767160478092,0.8512910417538901
