,AGEP,DEAR,DEYE,DPHY,DREM,DVET,EDU,HISP,HOUSING_TYPE,INDP,INDP_CAT,MSP,NOC,NPF,OWN_RENT,PINCP,PINCP_DECILE,POVPIP,PUMA,RAC1P,SEX
0,-0.2594781762281214,0.017923145386858526,0.0003799458755981439,-0.28011713454413967,-0.2904918658930598,-0.02391588378087567,-0.3596505604603813,0.03846830063462952,-0.06858906842512986,-0.289795322930778,-0.2866607842052354,-0.2517501026697537,0.26726346618906666,0.24156621027329306,0.055715227124668025,0.3869155377055932,-0.3204417425600109,-0.11623312551968285,0.03657201183660248,0.060981393252068423,-0.004340367335494753
1,0.046799951373805534,-0.11519720019676757,-0.08227302979195221,-0.1272373352230155,-0.11897404165989028,0.018830881069887135,-0.09345595830195029,-0.07161747882134424,0.5010180645906396,-0.2769361864904484,-0.2757573806322771,0.10883445494086928,-0.31830820567914575,-0.2879551662300941,-0.43412950514970666,-0.0034510634061051173,-0.1310352515760529,0.3356660742690848,-0.07632346089495137,-0.06928125228417056,-0.06650645701008778
2,0.3823704283372054,-0.4139505465737135,-0.37790385393240467,-0.08917165318256254,-0.03146473895985476,0.14791266684205717,-0.02494152012101021,-0.024078692522475544,-0.2599288191332462,-0.2646422057209951,-0.26476778124895556,0.0737723278250315,-0.15011834487574346,-0.17711164363922693,0.2722285984796181,-0.1467906710115104,0.0012642754867579487,-0.37837283359500923,-0.006119188559527344,-0.041190303995882624,-0.0006115450620548324
3,0.2576192888133946,-0.16056518706683878,-0.027898583559026274,-0.0036106317092106724,0.012481056614014857,0.19285910446245272,0.1735168959448018,-0.32111359550378316,-0.15816846392849246,-0.06542278274034204,-0.06620883064184446,-0.47942001979169224,0.1763974226616393,0.27648048823983934,-0.2630745104325962,0.06804212959861153,0.30083115935964183,0.2743902961081866,0.10405660809327363,-0.31793841307169496,-0.1177507871543422
4,-0.045929803145688335,-0.08279221462566262,-0.09748047721621146,-0.5620923859086834,-0.5647674843955746,0.0802273970526673,-0.00220181515327896,-0.05351281775061999,-0.023760293698467237,0.35378875247333824,0.3532355299494825,0.009410779046075575,-0.12383718808147488,-0.14994780130631827,0.07879797646324761,0.015276906389321367,0.17331799560660163,0.05786383231757407,0.05258008931627721,-0.07942397489562274,-0.0008806276474362558
