,feature,divergence
0,AGEP,6.304888053476074
7,PINCP_DECILE,4.010502103173913
6,EDU,1.481763116148078
2,MSP,0.9527210202085166
3,RAC1P,0.24254155542184513
5,OWN_RENT,0.22370775151044925
1,SEX,0.12687352547984954
4,HOUSING_TYPE,0.06941726153768782
9,DEYE,0.004965532089835717
8,DVET,0.0032192262816931588
