,AGEP,DEAR,DEYE,DPHY,DREM,DVET,EDU,HISP,HOUSING_TYPE,INDP,INDP_CAT,MSP,NOC,NPF,OWN_RENT,PINCP,PINCP_DECILE,POVPIP,PUMA,RAC1P,SEX
0,-0.2594779136172938,0.017923148446480186,0.00037999317364882657,-0.2801171122523239,-0.2904918088174807,-0.023915890799496707,-0.35965084179214546,0.03846826585743077,-0.06858834215146209,-0.2897952975737409,-0.28666075150430775,-0.251750364766936,0.26726385574169853,0.2415660309186982,0.05571568006241259,0.38691551528483364,-0.3204414376748704,-0.11623323258259333,0.03657202044595648,0.06098137929863419,-0.004340339066056631
1,0.046801666498029304,-0.11519738131826505,-0.08227292570443467,-0.12723845879315696,-0.1189742189581673,0.018830982894288563,-0.09344811361469253,-0.07161651743070986,0.5010155602099453,-0.2769352580701484,-0.2757565215812494,0.10883366851459943,-0.31830392008602126,-0.28796059807998836,-0.434131828304586,-0.003449134915068597,-0.13104323052836864,0.3356663925231274,-0.07632288890898169,-0.069280957725375,-0.06650777277176738
2,0.382439477993842,-0.41393636701209713,-0.377900457178843,-0.08917072179936622,-0.03144340672219002,0.14790887329861446,-0.025174997149100153,-0.024097738921730637,-0.2600987211047037,-0.2646314822904125,-0.2647503048301415,0.07390910298029021,-0.15010515053857704,-0.17707566302254885,0.27218437679840257,-0.14684026521278093,0.0012670645217117693,-0.37822029480036656,-0.006140729975820304,-0.04118117556309361,-0.0006059239131854278
3,0.25750997308292006,-0.16061291011204587,-0.027904787633060906,-0.0036439010323610094,0.012423929581446917,0.19287499315306322,0.1740604741360896,-0.3210523788890744,-0.15789565737998285,-0.06541101357508945,-0.0662108592596359,-0.479682105007819,0.17649945115713367,0.276242032559564,-0.2630725514220066,0.06820219650042261,0.3007506200793331,0.27407454458609715,0.10410447960953807,-0.31794481530579866,-0.11777119132184288
4,-0.04583146265930407,-0.08272967859551918,-0.09749410736107993,-0.5621557265350753,-0.5647931508718064,0.08019278073815982,-0.0022219838653737686,-0.053551771458150974,-0.023966919459746248,0.3538084381553397,0.3532617782675372,0.009554156959686087,-0.12410325574163972,-0.14960153005390672,0.0789129555190219,0.015059498237801323,0.17292529332776604,0.058151206555729425,0.05259092233389866,-0.07942623215580331,-0.0009382716792515235
