,AGEP,DEAR,DEYE,DPHY,DREM,DVET,EDU,HISP,HOUSING_TYPE,INDP,INDP_CAT,MSP,NOC,NPF,OWN_RENT,PINCP,PINCP_DECILE,POVPIP,PUMA,PWGTP,RAC1P,SEX,WGTP
0,-0.26024594660362216,0.019036713644245085,0.0005211336893728852,-0.2764274706092289,-0.2868764542914779,-0.024068003514951933,-0.3571242584728383,0.04206596725009653,-0.07975280775377264,-0.2823636984612656,-0.2793594567525135,-0.24734069614795057,0.2700572423312963,0.24229577784579287,0.0710935290474177,0.3832875989535632,-0.31667704752418185,-0.1264778164052421,0.03549518116783176,0.07668303713125191,0.06320772590099978,-0.003386376910216954,0.08351039172281971
1,-0.02756432129420338,0.07125875311460146,0.039438804255014524,0.11132942205880361,0.10708502813286164,-0.01204654126862684,0.08081729031965137,0.08511011205603135,-0.41383719936003016,0.23864485163799243,0.2366348094499825,-0.00035778643612700486,0.20341908931154076,0.16010800476877501,0.42896698683287404,-0.04598762251823841,0.11224788704398928,-0.32139924165902284,0.029473993613084733,0.35084083630102103,0.06952467777416584,0.05035853360481566,0.41261401882345533
2,-0.14339725357103997,0.25346322658960835,0.2571321134863132,0.12762696337131754,0.09714270426960386,-0.0494996318750949,0.11106902673045092,-0.06013992874951447,-0.1288495410690847,0.23244569760432893,0.2331835202537335,-0.30681695753807914,0.32791245742089903,0.38079269456752146,-0.10723063347818027,0.1310652801773482,0.1335731072981062,0.1623225939362265,0.11326179321503058,-0.3712140123993657,-0.03376577538861336,0.022783190241348172,-0.3288156633077921
3,0.4329813431566881,-0.366962673292204,-0.2812040836447458,-0.012386404750788685,0.040368343825912464,0.19006633275117524,0.08690542310839156,-0.16418563171028044,-0.3769991830292822,-0.2121532680569268,-0.21185635382509785,-0.24539286315413478,0.06309449264711603,0.10086684579722208,0.1153739195196061,-0.06709599563807295,0.15789930575368138,-0.2167319132554096,0.09219247213667772,-0.2581096019862714,-0.16484368259266508,-0.020140453411654328,-0.16601771365429996
4,0.0026124917703676492,0.10619285989973334,0.09236674279861096,0.5490672946298548,0.5499483385931953,-0.11756090278410425,-0.03287526037551204,0.1211018240844327,0.03968980056560959,-0.3333881017796208,-0.3325469262976337,0.08540695957966779,0.08893177428753771,0.09426885938904855,-0.012926031855137634,-0.03163556836288373,-0.230533165170535,-0.12954548520066722,-0.06571996731078122,-0.02987244372677866,0.14627264720677077,0.032238443587187735,-0.023609927813533577
