,SEX,MSP,RAC1P,HOUSING_TYPE,OWN_RENT,EDU,PINCP_DECILE,DVET
SEX,0.0,0.00027922295798220136,7.999936096894991e-05,0.0008369015663156551,-5.224501312942054e-05,-0.0003021410793119621,-0.00024877218134565504,0.0062418613180142135
MSP,0.0002792229579822018,-2.220446049250313e-16,-0.00018562337834651665,-0.0035826295282090637,-0.0004715022843048908,-0.00043313968077501874,-0.0004702717527627076,-0.0012172656115589514
RAC1P,7.999936096894991e-05,-0.00018562337834650972,0.0,0.004998607659775228,-0.0016007437051298867,-0.00011393565069631184,0.0007723143050254455,0.018391513100474606
HOUSING_TYPE,0.0008369015663156551,-0.0035826295282090637,0.004998607659775228,0.0,0.005356884923484351,-0.001855189055124551,0.0015586960993125842,0.04356037791022762
OWN_RENT,-5.224501312942054e-05,-0.0004715022843048908,-0.0016007437051298867,0.005356884923484351,1.1102230246251565e-16,0.00036052895666206786,-4.230927339935603e-05,-0.0037843002612362835
EDU,-0.0003021410793119621,-0.000433139680774991,-0.00011393565069628409,-0.0018551890551245578,0.00036052895666206786,0.0,-0.0017988395078069042,-0.007235752927923535
PINCP_DECILE,-0.00024877218134565504,-0.00047027175276273536,0.0007723143050254455,0.0015586960993125981,-4.230927339935603e-05,-0.0017988395078070152,0.0,-0.002719863598828448
DVET,0.006241861318014241,-0.0012172656115589531,0.018391513100474603,0.04356037791022763,-0.0037843002612362835,-0.007235752927923538,-0.002719863598828448,0.0
