,feature,divergence
0,AGEP,4.949632155705783
7,PINCP_DECILE,1.8744134846716811
6,EDU,0.8320397254930643
2,MSP,0.5265293994238064
3,RAC1P,0.26810115218393993
5,OWN_RENT,0.14143590282137294
9,DEYE,0.025747903783776886
4,HOUSING_TYPE,0.02055844319617304
8,DVET,0.012522680152810696
1,SEX,0.003990184792406648
