,EDU,HISP,INDP_CAT,MSP,OWN_RENT,PINCP_DECILE,PUMA,RAC1P,SEX
0,-0.5711275826037827,0.09765649436928048,-0.5004442530985019,-0.29828622168924135,0.004362825624502624,-0.5535746002048506,0.05716361394535764,0.122868759860669,0.005393499728212396
1,-0.025747737539149853,0.5862344447408911,0.20355365568547007,0.20483595690526352,0.4980045256423202,-0.03326728927977485,0.035718054410579674,0.5505229960803354,0.13714153676526644
2,-0.027387643779078017,0.28795314487401197,0.10222790078216998,-0.23418829899428156,-0.028306563639922146,0.1475363813454937,0.8607935323039936,-0.2352168240178433,-0.17938086664463937
3,-0.011289996827381243,0.12662160088743207,-0.09007063761035256,0.0888490747364894,-0.1513637270699994,0.09636782792189846,-0.15395168477611335,0.24738566200910453,-0.9223524842354374
4,0.04110511941978092,0.34044241752763565,-0.014689687027022419,0.34714485769651604,-0.8096861230088368,-0.11316330943766809,0.07429342428192945,0.17733010918458617,0.23732036883592364
