,EDU,HISP,INDP_CAT,MSP,OWN_RENT,PINCP_DECILE,PUMA,RAC1P,SEX
0,-0.5711275826037833,0.09765649436928059,-0.5004442530985019,-0.29828622168924174,0.00436282562450243,-0.5535746002048509,0.05716361394535693,0.12286875986066893,0.005393499728211661
1,-0.02574773753915544,0.5862344447408913,0.2035536556854693,0.20483595690526366,0.4980045256423197,-0.03326728927976896,0.03571805441058099,0.5505229960803345,0.13714153676526775
2,-0.027387643779078343,0.2879531448740106,0.10222790078216873,-0.23418829899428073,-0.02830656363992413,0.14753638134549363,0.8607935323039932,-0.2352168240178434,-0.17938086664464328
3,-0.011289996827380445,0.12662160088743246,-0.09007063761035289,0.08884907473648922,-0.1513637270699979,0.09636782792189903,-0.15395168477611768,0.24738566200910467,-0.9223524842354365
4,0.041105119419780456,0.34044241752763704,-0.014689687027022863,0.3471448576965176,-0.8096861230088369,-0.1131633094376686,0.0742934242819282,0.17733010918458442,0.23732036883592186
