,feature,divergence
0,AGEP,0.78197238006801
6,EDU,0.08135092938320859
7,PINCP_DECILE,0.041449054323047185
3,RAC1P,0.018575551207911004
2,MSP,0.011485283484221183
8,DVET,0.00805801314177086
1,SEX,0.004833758547462819
5,OWN_RENT,0.0029102415885887134
4,HOUSING_TYPE,0.001058622194122602
9,DEYE,0.0005798657899533412
