,DVET,EDU,HOUSING_TYPE,MSP,OWN_RENT,PINCP_DECILE,RAC1P,SEX
0,-0.09031920309990939,-0.6526079752061533,-0.06349458514777201,-0.3458156832193572,0.1030584923067888,-0.6267725044602128,0.18780472030073314,0.05991481447898306
1,-0.03223277540441697,-0.0949491251147746,0.7070728781467993,0.1837088015788453,-0.6381895809962032,-0.20106775295699136,-0.06955819892601739,-0.060763537028542064
2,0.6191160860933843,-0.10489808312742266,-0.07171062381599369,-0.37688464205705047,-0.1422951864653373,0.07709388088563351,-0.25646924805123894,-0.6054249378352944
3,0.22628227339520054,-0.03105127250116574,0.10700090777168769,0.4467506861810225,0.21624730141007492,-0.046544584562483504,0.7181067812911126,-0.4149579958266425
4,0.7400568506373796,0.023716331941207813,0.05307972837067564,0.07121889655771854,-0.0061038882591240885,-0.08754464201720338,0.08985298546436452,0.6542850478487758
